from_tier,pareto_k,flag_pareto_k
relegation,1.0935845344820865,TRUE
nonplayin,0.9884421042303857,TRUE
playin_seed,1.0136520923635035,TRUE
playin_loser,1.1531986988962695,TRUE
playoff,1.1139317683183816,TRUE
