model,variable,n_reps,n_draws_median,rank_mean,expected_rank_mean,rank_mean_z,rank_min,rank_max,ks_p
pick_value,alpha,50,2000,1061.56,1000,0.7234199341355638,0,1976,0.25703081025477603
pick_value,beta,50,2000,433.56,1000,-8.591681569570877,0,1899,7.485679933756852e-10
pick_value,gamma,50,2000,271.4,1000,-12.855196444347769,0,1646,3.881351167714447e-17
pick_value,sigma_base,50,2000,1302.62,1000,4.115752789786027,110,2000,0.011772747141161388
pick_value,sigma_slope,50,2000,643.94,1000,-6.2834937918798985,1,1614,2.3280458837681375e-5
