pick_band,n,obs_mean,rep_mean,obs_q05,rep_q05,obs_q50,rep_q50,obs_q95,rep_q95,obs_ge_5,rep_ge_5,obs_ge_10,rep_ge_10
31-35,185,3.8854054054054052,3.7392461212725387,-0.2,-0.8295122,0.8,1.22547,16.999999999999975,15.1787,0.24864864864864866,0.2849675675675676,0.15675675675675677,0.14532635135135136
36-40,185,3.6983783783783784,3.2356359967735324,-0.30000000000000004,-0.74762525,0.9,0.9057135000000001,15.9,13.97,0.2810810810810811,0.25589662162162163,0.15135135135135136,0.12420067567567568
41-45,185,3.2464864864864866,2.7803702511803605,-0.2,-0.7371701500000001,0.3,0.6066445,13.059999999999997,13.297705000000006,0.23783783783783785,0.21857702702702703,0.12432432432432433,0.10514256756756757
46-50,185,2.5097297297297296,2.27179114477988,-0.1,-0.71105135,0.1,0.216188,11.939999999999994,12.2444,0.1891891891891892,0.1828331081081081,0.07567567567567568,0.08435878378378378
51-55,179,1.4966480446927375,1.719925656023768,-0.20999999999999996,-0.6589500500000001,0,0,10.8,10.8045,0.12849162011173185,0.1475768156424581,0.055865921787709494,0.061559357541899444
56-60,136,1.3823529411764706,1.3489584848848168,-0.2,-0.64814345,0,0,9.5,9.880781499999983,0.07352941176470588,0.11197794117647059,0.04411764705882353,0.04864705882352941
