model,variable,mean,median,sd,mad,q5,q95,rhat,ess_bulk,ess_tail,flag_rhat,flag_ess_bulk,flag_ess_tail
pick_value,alpha,25.675896125,25.66175,2.1096547813207565,2.130792720000001,22.25147,29.152365,0.9998663562190706,6451.34584970009,6249.114533930742,FALSE,FALSE,FALSE
pick_value,beta,0.4131747535,0.40737999999999996,0.06827020749737915,0.06653389890000001,0.31191759999999996,0.53515155,1.0003713887954873,5625.935119245962,5818.394548850328,FALSE,FALSE,FALSE
pick_value,gamma,-0.802140234856625,-0.70143200000000006,1.9143396437455618,1.8773014785,-4.135199,2.1856879999999954,1.000366861507863,4820.641803034746,4967.421348118563,FALSE,FALSE,FALSE
pick_value,log_sigma_1,2.36282546,2.361395,0.09642161337028651,0.09563511299999972,2.209308,2.524383,1.0003862339949692,5716.8577319574415,5935.772807705385,FALSE,FALSE,FALSE
pick_value,tau_log_sigma_rw,0.075551158075,0.07148915,0.02592525618612518,0.024165193919999998,0.04086975,0.12313639999999998,1.0010292123500688,3745.558223102206,5370.584968322288,FALSE,FALSE,FALSE
pick_value,nu,8.66208807375,8.219035,2.387961557033883,2.004126789,5.729921,13.201789999999995,1.0007354035230547,11159.438622043239,5330.961667813671,FALSE,FALSE,FALSE
