from_tier,pareto_k,flag_pareto_k
relegation,1.203917397663187,TRUE
nonplayin,1.0226261920267512,TRUE
playin_seed,1.131028262459452,TRUE
playin_loser,1.384399029055033,TRUE
playoff,1.0584690956606584,TRUE
